d,f1,f2,t0
0.631188734269011,5.63118873426901,2.93118873426901,0
0.355073651878849,6.39463210596765,3.36581273894123,0.1
0.997003271606648,8.03068648698565,4.64890935187934,0.2
0.224171498983127,8.16309776044549,4.38491058604551,0.3
0.652451072968615,9.36817520035559,5.13988106044747,0.4
0.604990641908259,9.93511766083045,5.20499064190826,0.5
0.387245431483135,10.1425280129589,4.87467541896199,0.6
0.142187159290504,10.1147966361319,4.30292624635288,0.7
0.025134985710203,9.99774446255157,3.67704106598289,0.8
0.421112253765241,10.176394835241,3.43185134082762,0.9
0.184100289427511,9.51422730834971,2.48410028942751,1
0.725775267469453,9.44149939485642,2.31503618040707,1.1
0.370362686515198,8.30928894797757,1.31845660624251,1.2
0.841560087468206,7.87524330284721,1.28082100040583,1.3
0.734229691193313,6.77378814528211,0.84679970371446,1.4
0.571025872824379,5.57102587282438,0.571025872824379,1.5
0.176855057625303,4.13729660353651,0.289425070146449,1.6
0.957384022595723,3.92370080721672,1.39664493553334,1.7
0.26532203619292,2.32639577473055,1.21341595592023,1.8
0.924580895239601,2.20885676785263,2.51384180817722,1.9
0.223770404697041,0.893643385774848,2.52377040469704,2
0.373563807642645,0.618281226166878,3.38430289470502,2.1
0.087500349576586,0.114890872735219,3.73940642984927,2.2
0.640116548246715,0.667507071405348,4.80085563530909,2.3
0.180616887753108,0.425334306277339,4.66804687523196,2.4
0.045051107473574,0.714924088551379,4.64505110747357,2.5
0.723173479183095,2.00744935179612,5.21060346666195,2.6
0.34743764558179,2.40851138411942,4.50817673264417,2.7
0.660616824502904,3.6269336091239,4.31252290477559,2.8
0.383868601071971,4.34431014698317,3.39460768813435,2.9
0.627346502443467,5.62734650244347,2.92734650244347,3
0.021649814630307,6.0612082687191,1.61091072756793,3.1
0.910569988523028,7.94425320390203,1.85866390825034,3.2
0.800558656278811,8.73948491774117,1.23981956921643,3.3
0.745847484342721,9.46157161172969,0.858417496863868,3.4
0.813112813610761,10.143239832533,0.813112813610761,3.5
0.383306318625529,10.1385889001013,0.495876331146675,3.6
0.617279232316449,10.5898887091578,1.05654014525407,3.7
0.575494859702814,10.5481043365442,1.52358877943013,3.8
0.530051704765016,10.2853342862408,2.11931261770264,3.9
0.275069755821935,9.60519677474413,2.57506975582193,4
0.24862895966197,8.96435308704895,3.25936804672434,4.1
0.451638770451973,8.39056503191434,4.10354485072466,4.2
0.227712826026548,7.26139604140555,4.38845191308893,4.3
0.80444958361307,6.84400803770187,5.29187957109192,4.4
0.98610424189597,5.98610424189597,5.58610424189597,4.5
0.02999195026939,3.9904334961806,4.51742193774825,4.6
0.535664190667238,3.50198097528824,4.69640327772962,4.7
0.087077219900892,2.14815095843853,3.73898330017358,4.8
0.802091440555804,2.08636731316884,3.81283052761818,4.9
0.98914490970034,1.65901789077815,3.28914490970034,5
0.06694625839775,0.311663676921985,1.65620717133538,5.1
0.939398361884535,0.966788885043169,1.88749228161185,5.2
0.018177533636696,0.045568056795328,0.45743844657432,5.3
0.683838613746355,0.928556032270586,0.796408626267502,5.4
0.783736480083219,1.45360946116102,0.783736480083219,5.5
0.534137567882728,1.81841344049575,0.646707580403874,5.6
0.885359450931142,2.94643318946878,1.32462036386876,5.7
0.89900489890614,3.86532168352713,1.84709881863345,5.8
0.625937626080496,4.5863791719917,2.21519853901812,5.9
0.137868992412558,5.13786899241256,2.43786899241256,6
0.217801593712125,6.25736004780091,3.2285406807745,6.1
0.182141075890434,7.21582429126943,3.83404715616312,6.2
0.041819863972954,7.98074612543531,4.20255895103533,6.3
0.106941658550207,8.82266578593717,4.59437164602906,6.4
0.616443485085685,9.94657050400788,5.21644348508568,6.5
0.939661010161067,10.6949435916368,5.42709099763992,6.6
0.354455730967329,10.3270652078087,4.51519481802971,6.7
0.410629090059514,10.3832385669009,4.0625351703322,6.8
0.984349416984452,10.7396319984602,3.99508850404683,6.9
0.945579189035263,10.2757062079575,3.24557918903526,7
0.676644678433539,9.39236880582052,2.26590559137117,7.1
0.988302262313286,8.92722852377565,1.9363961820406,7.2
0.766831387216594,7.8005146025956,1.20609230015422,7.3
0.336699264391476,6.37625771848028,0.449269276912624,7.4
0.662381860399481,5.66238186039949,0.662381860399481,7.5
0.244165286790279,4.2046068327015,0.356735299311425,7.6
0.295507250831597,3.2618240354526,0.734768163769219,7.7
0.680178371230502,2.74125210976814,1.62827229095781,7.8
0.527846830418798,1.81212270303183,2.11710774335642,7.9
0.411593513407535,1.08146649448535,2.71159351340753,8
0.602638218036397,0.847355636560636,3.61337730509877,8.1
0.750520055923736,0.777910579082371,4.40242613619642,8.2
0.583533174261959,0.610923697420591,4.74427226132434,8.3
0.551792514935968,0.796509933460198,5.03922250241482,8.4
0.583570618757714,1.25344359983551,5.18357061875771,8.5
0.511819919958475,1.7960957925715,4.99924990743733,8.6
0.082592726998699,2.14366646553632,4.24333181406108,8.7
0.71957013485949,3.68588691948049,4.37147621513217,8.8
0.996156111296869,4.95659765720806,4.00689519835925,8.9
0.354534304956922,5.35453430495692,2.65453430495692,9
0.971258815183406,7.01081726927219,2.56051972812103,9.1
0.34644876130036,7.38013197667935,1.29454268102768,9.2
0.886543861760306,8.82547012322267,1.32580477469793,9.3
0.454694864991908,9.17041899237887,0.567264877513055,9.4
0.413427289020815,9.743554307943,0.413427289020815,9.5
0.2177320683573,9.97301464983306,0.330302080878446,9.6
0.125654587362626,10.098264064204,0.564915500300243,9.7
0.308914593566815,10.2815240704082,1.25700851329413,9.8
0.726104431664832,10.4813870131406,2.31536534460245,9.9
0.782872072979123,10.1129990919013,3.08287207297912,10
0.693787614986897,9.40951174237387,3.70452670204927,10.1
0.009802252263062,7.94872851372545,3.66170833253574,10.2
0.843213338010509,7.87689655338951,5.00395242507289,10.3
0.922331997796276,6.96189045188508,5.40976198527513,10.4
0.770954220673924,5.77095422067393,5.37095422067392,10.5
0.042659855935049,4.00310140184627,4.53008984341391,10.6
0.378186137050219,3.34450292167124,4.5389252241126,10.7
0.704339624483368,2.765413363021,4.35624570475606,10.8
0.729513045504647,2.01378891811769,3.74025213256702,10.9
0.224277070664514,0.894150051742326,2.52427707066452,11
0.269054731773365,0.513772150297604,1.85831564471099,11.1
0.673031165004119,0.700421688162754,1.62112508473143,11.2
0.477492197726861,0.504882720885494,0.916753110664482,11.3
0.623716412667442,0.868433831191673,0.736286425188588,11.4
0.23644493264091,0.906317913718709,0.23644493264091,11.5
0.177123754498316,1.46139962711134,0.289693767019462,11.6
0.829643385697585,2.8907171242352,1.2689042986352,11.7
0.766921667935265,3.73323845255626,1.71501558766258,11.8
0.93447827311827,4.89491981902946,2.52373918605588,11.9
0.107888905084364,5.10788890508436,2.40788890508436,12
0.182227505601056,6.22178595968984,3.19296659266343,12.1
0.099095282422459,7.13277849780143,3.75100136269514,12.2
0.489763801923447,8.42869006338581,4.65050288898583,12.3
0.193245330468871,8.90896945785583,4.68067531794772,12.4
0.895891573792568,10.2260185927148,5.49589157379257,12.5
0.099089649681815,9.85437223115758,4.58651963716067,12.6
0.044165571762661,10.016775048604,4.20490465882504,12.7
0.557295155804762,10.5299046326461,4.20920123607745,12.8
0.772495067187624,10.5277776486634,3.78323415425,12.9
0.311940057496269,9.64206707641847,2.61194005749626,13
0.178982479314335,8.89470660670131,1.76824339225196,13.1
0.338955678247718,8.2778819397101,1.28704959797503,13.2
0.210145637043552,7.24382885242255,0.649406549981173,13.3
0.51015251976525,6.54971097385406,0.622722532286396,13.4
0.906364323265215,5.90636432326524,0.906364323265215,13.5
0.628923938652318,4.58936548456354,0.741493951173464,13.6
0.101533888812312,3.06785067343334,0.540794801749923,13.7
0.390854752726355,2.45192849126399,1.33894867245367,13.8
0.054616615223658,1.3388924878367,1.64387752816127,13.9
0.501282913203215,1.17115589428103,2.80128291320321,14
0.431721171884247,0.676438590408487,3.44246025894663,14.1
0.997560349512189,1.02495087267082,4.64946642978487,14.2
0.811602580995323,0.838993104153954,4.97234166805771,14.3
0.485651669898018,0.730369088422248,4.97308165737687,14.4
0.894447755567393,1.56432073664519,5.49444775556739,14.5
0.137546594767065,1.42182246738009,4.62497658224592,14.6
0.390004914445285,2.4510786529829,4.55074400150767,14.7
0.927356224998125,3.89367300961911,4.57926230527082,14.8
0.917493832416117,4.87793537832731,3.9282329194785,14.9
0.713574011594316,5.71357401159429,3.01357401159433,15
0.61833738362194,6.65789583771072,2.20759829655957,15.1
0.343287890241345,7.37697110562032,1.29138180996866,15.2
0.93602732668977,8.87495358815212,1.37528823962739,15.3
0.124774040660493,8.84049816804745,0.237344053181638,15.4
0.730585361505707,10.0607123804279,0.730585361505707,15.5
0.646477432425814,10.4017600139016,0.759047444946959,15.6
0.833151985669295,10.8057614625107,1.27241289860691,15.7
0.398282228218775,10.3708917050601,1.34637614794609,15.8
0.749822209360636,10.5051047908364,2.33908312229825,15.9
0.835220510478131,10.1653475294003,3.13522051047813,16
0.322460397362259,9.03818452474924,3.33319948442464,16.1
0.552261616858355,8.49118787832076,4.20416769713103,16.2
0.979129132433892,8.01281234781289,5.13986821949628,16.3
0.549308533018303,6.58886698710713,5.03673852049715,16.4
0.330423609606603,5.33042360960663,4.9304236096066,16.5
0.61947155517778,4.579913101089,5.10690154265663,16.6
0.360636571002203,3.32695335562321,4.52137565806459,16.7
0.756509543501944,2.81758328203958,4.40841562377464,16.8
0.41390074869019,1.69817662130324,3.42463983575258,16.9
0.492345104384938,1.16221808546276,2.79234510438493,17
0.69474323313261,0.939460651656839,2.28400414607022,17.1
0.972733885079784,1.00012440823842,1.9208278048071,17.2
0.327754960493407,0.355145483652038,0.767015873431028,17.3
0.837803183078576,1.0825206016028,0.950373195599726,17.4
0.739072227273528,1.40894520835132,0.739072227273528,17.5
0.954174456379543,2.23845032899257,1.06674446890069,17.6
0.031922629503978,2.09299636804159,0.471183542441589,17.7
0.356868986182542,3.32318577080352,1.30496290590986,17.8
0.662653834287214,4.62309538019837,2.25191474722483,17.9
0.281501559148491,5.28150155914848,2.58150155914849,18
0.230383067317464,6.26994152140626,3.24112215437984,18.1
0.711128551180325,7.7448117665593,4.363034631453,18.2
0.624572916993309,8.56349917845565,4.78531200405569,18.3
0.590608652919636,9.30633278030659,5.07803864039848,18.4
0.660437966312602,9.99056498523479,5.2604379663126,18.5
0.047554673113866,9.80283725458963,4.53498466059272,18.6
0.348784808510059,10.3213942853514,4.50952389557244,18.7
0.451340580355743,10.4239500571971,4.10324666062844,18.8
0.240904997120111,9.99618757859589,3.25164408418251,18.9
0.715045013296177,10.0451720322184,3.01504501329619,19
0.856182292006288,9.57190641939327,2.4454432049439,19.1
0.281507695118553,8.22043395658096,1.22960161484587,19.2
0.731050829723742,7.76473404510274,1.17031174266136,19.3
0.137762892519516,6.17732134660834,0.250332905040667,19.4
0.836722781749717,5.83672278174974,0.836722781749717,19.5
0.13860171574236,4.09904326165358,0.25117172826351,19.6
0.588209385389494,3.55452617001051,1.0274702983271,19.7
0.366156800454938,2.42723053899258,1.31425072018225,19.8
0.806759544661106,2.09103541727416,2.39602045759872,19.9
0.503780785776156,1.17365376685398,2.80378078577615,20
0.489594338723354,0.734311757247583,3.50033342578573,20.1
0.877048723385044,0.904439246543679,4.52895480365772,20.2
0.353141812938955,0.380532336097587,4.51388090000134,20.3
0.449443556571748,0.694160975095967,4.93687354405059,20.4
0.963530286843427,1.63340326792121,5.56353028684343,20.5
0.042297797914543,1.32657367052757,4.52972778539339,20.6
0.972958334140635,3.03403207267825,5.13369742120302,20.7
0.189206843122376,3.15552362774336,3.84111292339507,20.8
0.667120300040075,4.62756184595123,3.67785938710246,20.9
0.586439614678918,5.58643961467891,2.88643961467892,21
0.675112416405115,6.71467087049391,2.26437332934273,21.1
0.361022049194661,7.39470526457363,1.30911596892199,21.2
0.620278427071086,8.55920468853343,1.0595393400087,21.3
0.811150885100285,9.52687501248722,0.923720897621436,21.4
0.019257477414141,9.34938449633633,0.019257477414141,21.5
0.0838735082829,9.83915608975866,0.196443520804045,21.6
0.97480166718489,10.9474111440263,1.41406258012251,21.7
0.651349532415353,10.6239590092567,1.59944345214267,21.8
0.231237816164352,9.98652039764013,1.82049872910195,21.9
0.40349114312459,9.73361816204679,2.70349114312457,22
0.12202051825213,8.83774464563911,3.13275960531452,22.1
0.268438821397283,8.20736508285969,3.92034490166996,22.2
0.257846170112605,7.29152938549161,4.41858525717498,22.3
0.331665238742629,6.37122369283146,4.81909522622148,22.4
0.152234012862946,5.15223401286297,4.75223401286295,22.5
0.348007659716113,4.30844920562734,4.83543764719497,22.6
0.121658454307726,3.08797523892877,4.28239754137012,22.7
0.88415305774966,2.9452267962873,4.53605913802234,22.8
0.094278390064146,1.3785542626772,3.10501747712654,22.9
0.930040626107489,1.59991360718531,3.2300406261075,23
0.399019969034555,0.643737387558796,1.98828088197219,23.1
0.047401462029151,0.074791985187787,0.995495381756468,23.2
0.34237350316074,0.369764026319371,0.781634416098362,23.3
0.735966158880164,0.980683577404383,0.84853617140132,23.4
0.794682157333805,1.46455513841159,0.794682157333805,23.5
0.544905898244672,1.8291817708577,0.657475910765821,23.6
0.686223462984041,2.74729720152165,1.12548437592165,23.7
0.893632695933602,3.85994948055458,1.8417266156609,23.8
0.054791789919733,4.01523333583089,1.64405270285734,23.9
0.303661379717016,5.30366137971701,2.60366137971701,24
0.046191556331548,6.08575001042034,3.05693064339392,24.1
0.195476763633798,7.22915997901277,3.84738284390649,24.2
0.720165802516526,8.65909206397887,4.88090488957891,24.3
0.721753273499297,9.43747740088623,5.20918326097814,24.4
0.877799071151527,10.2079260900737,5.47779907115153,24.5
0.58243296448741,10.3377155459632,5.06986295196626,24.6
0.07068433538665,10.043293812228,4.23142342244904,24.7
0.922744570189092,10.8953540470305,4.57465065046179,24.8
0.800372092351107,10.5556546738269,3.81111117941349,24.9
0.285946856420363,9.61607387534257,2.58594685642036,25
0.543663232841362,9.25938736022834,2.13292414577898,25.1
0.98477623697061,8.92370249843301,1.93287015669794,25.2
0.715678067126621,7.74936128250563,1.15493898006424,25.3
0.83896959733,6.87852805141883,0.951539609851152,25.4
0.433260561007948,5.43326056100798,0.433260561007948,25.5
0.470624715606541,4.43106626151777,0.583194728127685,25.6
0.560713411044556,3.5270301956656,0.999974323982175,25.7
0.269091543530998,2.33016528206864,1.21718546325831,25.8
0.749018467641946,2.033294340255,2.33827938057954,25.9
0.503887773460489,1.17376075453831,2.8038877734605,26
0.64680966627278,0.891527084797021,3.65754875333517,26.1
0.307745582030941,0.335136105189577,3.95965166230362,26.2
0.138724636078145,0.166115159236776,4.29946372314052,26.3
0.475572933797563,0.720290352321781,4.96300292127641,26.4
0.362459280818746,1.03233226189653,4.96245928081875,26.5
0.788113428398547,2.07238930101158,5.2755434158774,26.6
0.78029582084411,2.84136955938172,4.94103490790651,26.7
0.668512214253545,3.63482899887452,4.32041829452623,26.8
0.133503859661312,4.09394540557246,3.14424294672371,26.9
0.021555887203497,5.02155588720345,2.32155588720351,27
0.55984070587251,6.5993991599613,2.14910161881014,27.1
0.300819018069489,7.33450223344846,1.24891293779681,27.2
0.939409713873458,8.8783359753358,1.37867062681108,27.3
0.980903636046859,9.69662776343379,1.09347364856802,27.4
0.286620388894259,9.61674740781644,0.286620388894259,27.5
0.800820286951535,10.5561028684273,0.913390299472684,27.6
0.896111351432604,10.868720828274,1.33537226437021,27.7
0.59752657681783,10.5701360536592,1.54562049654513,27.8
0.88401673572382,10.6392993171996,2.47327764866143,27.9
0.943731541195791,10.273858560118,3.24373154119578,28
0.549158087419903,9.26488221480689,3.55989717448228,28.1
0.728386824594357,8.66731308605676,4.38029290486705,28.2
0.57675829785801,7.61044151323705,4.73749738492039,28.3
0.02585747108314,6.06541592517197,4.51328745856199,28.4
0.446530978284814,5.44653097828484,5.04653097828481,28.5
0.646301957350655,4.60674350326188,5.1337319448295,28.6
0.521202952672418,3.48751973729347,4.6819420397348,28.7
0.372312660779512,2.43338639931716,4.02421874105221,28.8
0.937134666341562,2.22141053895462,3.94787375340394,28.9
0.829532824526515,1.49940580560434,3.12953282452651,29
0.849085479954455,1.0938028984787,2.43834639289207,29.1
0.372534239899539,0.399924763058175,1.32062815962687,29.2
0.59318457521849,0.620575098377122,1.0324454881561,29.3
0.872552564647559,1.11726998317178,0.98512257716871,29.4
0.933501608507105,1.60337458958489,0.933501608507105,29.5
0.668464274361376,1.95274014697438,0.78103428688252,29.6
0.206776457935105,2.26785019647272,0.646037370872723,29.7
0.653850592062588,3.62016737668357,1.6019445117899,29.8
0.07205155122065,4.0324930971318,1.66131246415824,29.9
0.406726915089364,5.40672691508932,2.70672691508934,30
0.666931533207499,6.70648998729629,3.67767062026989,30.1
0.933725659545929,7.9674088749249,4.5856317398186,30.2
0.810950032238265,8.74987629370061,4.97168911930064,30.3
0.48454827183499,9.20027239922192,4.97197825931384,30.4
0.756749210065512,10.0868762289877,5.35674921006551,30.5
0.417047453742767,10.1723300352185,4.90447744122162,30.6
0.971785992989294,10.9443954698307,5.13252508005169,30.7
0.987974701230832,10.9605841780722,4.63988078150351,30.8
0.864147529031203,10.619430110507,3.8748866160936,30.9
0.388883775912428,9.71901079483463,2.68888377591244,31
0.454741828039112,9.1704659554261,2.04400274097675,31.1
0.246687197638079,8.18561345910046,1.1947811173654,31.2
0.784423093024177,7.81810630840318,1.2236840059618,31.3
0.882837605583052,6.92239605967192,0.995407618104209,31.4
0.913711681293018,5.91371168129308,0.913711681293018,31.5
0.558284923622275,4.51872646953347,0.670854936143424,31.6
0.598868102746205,3.56518488736725,1.03812901568381,31.7
0.148876720337549,2.20995045887522,1.09697064006485,31.8
0.899713484535739,2.18398935714879,2.48897439747335,31.9
0.450393580652116,1.12026656172994,2.75039358065211,32
0.205672339463963,0.450389757988205,3.21641142652634,32.1
0.899650990509081,0.927041513667717,4.55155707078177,32.2
0.762585539373227,0.789976062531851,4.92332462643559,32.3
0.882486307400298,1.1272037259245,5.36991629487914,32.4
0.284950218024821,0.954823199102624,4.88495021802482,32.5
0.673225986452258,1.95750185906529,5.16065597393111,32.6
0.664279904418051,2.72535364295569,4.82501899148042,32.7
0.122814993899526,3.08913177852047,3.77472107417225,32.8
0.407318423056813,4.36775996896796,3.4180575101192,32.9
0.27528695131569,5.27528695131564,2.57528695131569,33
0.716669740639142,6.7562281947279,2.30593065357676,33.1
0.283384381628936,7.3170675970079,1.23147830135624,33.2
0.896198856849495,8.83512511831178,1.33545976978713,33.3
0.82657889231356,9.54230301970051,0.939148904834713,33.4
0.390026512813998,9.72015353173618,0.390026512813998,33.5
0.497902942964187,10.25318552444,0.610472955485331,33.6
0.694805192672494,10.6674146695139,1.13406610561013,33.7
0.834369001099938,10.8069784779413,1.78246292082722,33.8
0.609629689675732,10.3649122711515,2.19889060261332,33.9
0.574737160856408,9.90486417977863,2.87473716085641,34
0.326042170922791,9.0417662983098,3.33678125798518,34.1
0.456424600851747,8.39535086231409,4.10833068112445,34.2
0.713795583233135,7.74747879861218,4.87453467029549,34.3
0.884405045275995,6.92396349936483,5.37183503275484,34.4
0.720855670816931,5.72085567081696,5.32085567081693,34.5
0.018612774726386,3.97905432063762,4.50604276220524,34.6
0.674776467128286,3.6410932517493,4.83551555419066,34.7
0.438508824236513,2.49958256277422,4.09041490450922,34.8
0.43782017916627,1.72209605177935,3.44855926622867,34.9
0.117036819505658,0.786909800583501,2.41703681950568,35
0.814681689518582,1.05939910804281,2.40394260245622,35.1
0.324855438630509,0.352245961789141,1.2729493583578,35.2
0.246228114234641,0.273618637393268,0.685489027172285,35.3
0.342713221123279,0.587430639647496,0.455283233644437,35.4
0.375692140009588,1.04556512108737,0.375692140009588,35.5
0.546553793082959,1.83082966569596,0.659123805604108,35.6
0.561920154265977,2.62299389280358,1.0011810672036,35.7
0.395822228624001,3.36213901324491,1.3439161483513,35.8
0.398130879531336,4.35857242544245,1.98739179246894,35.9
0.515367219211572,5.51536721921156,2.81536721921156,36
0.657530542095911,6.6970889961847,3.66826962915828,36.1
0.950915198264959,7.98459841364396,4.60282127853765,36.2
0.722348514327498,8.66127477578981,4.88308760138986,36.3
0.400079745362338,9.11580387274927,4.88750973284118,36.4
0.83187133932981,10.161998358252,5.43187133932981,36.5
0.134338341728708,9.88962092320446,4.62176832920756,36.6
0.060466771939828,10.0330762487812,4.2212058590022,36.7
0.08424705231466,10.056856529156,3.73615313258738,36.8
0.163898318329708,9.91918089980549,3.17463740539209,36.9
0.324219920294049,9.65434693921626,2.62421992029405,37
0.301726777204647,9.01745090459163,1.89098769014227,37.1
0.01168099113034,7.95060725259272,0.959774910857647,37.2
0.539905093849625,7.5735883092287,0.97916600678726,37.3
0.095372692627822,6.13493114671669,0.207942705148974,37.4
0.146514856442232,5.1465148564423,0.146514856442232,37.5
0.631141207014955,4.59158275292622,0.743711219536099,37.6
0.859320411428785,3.82563719604977,1.29858132436642,37.7
0.974221631238713,3.03529536977639,1.922315550966,37.8
0.570838427472183,1.85511430008524,2.16009934040977,37.9
0.996850214574949,1.66672319565278,3.29685021457492,38
0.553541573495533,0.798258992019775,3.56428066055792,38.1
0.515458454840326,0.542848977998962,4.16736453511303,38.2
0.330682065990267,0.358072589148891,4.49142115305262,38.3
0.430001798393396,0.674719216917601,4.91743178587225,38.4
0.491806253603745,1.16167923468155,5.09180625360374,38.5
0.071037083912953,1.35531295652598,4.55846707139181,38.6
0.887739215532716,2.94881295407035,5.04847830259509,38.7
0.064633591050868,3.03095037567181,3.71653967132358,38.8
0.436184955731448,4.3966265016426,3.44692404279385,38.9
0.826629506618892,5.82662950661884,3.12662950661891,39
0.394534684233033,6.43409313832179,1.98379559717067,39.1
0.613474881705262,7.64715809708423,1.56156880143256,39.2
0.818640735082209,8.75756699654449,1.25790164801985,39.3
0.886235039062606,9.60195916644956,0.998805051583764,39.4
0.931111627487221,10.2612386464094,0.931111627487221,39.5
0.190784648009122,9.94606722948489,0.303354660530271,39.6
0.258582251418772,10.2311917282601,0.697843164356399,39.7
0.897865684840299,10.8704751616817,1.8459596045676,39.8
0.593361860386109,10.3486444418619,2.18262277332372,39.9
0.503840081846848,9.83396710076907,2.80384008184684,40
0.612809588835559,9.32853371622257,3.62354867589793,40.1
0.819422242231876,8.75834850369423,4.47132832250456,40.2
0.531889169492926,7.56557238487197,4.69262825655529,40.3
0.202075096548432,6.24163355063727,4.68950508402728,40.4
0.453893465680522,5.45389346568056,5.05389346568052,40.5
0.427910919820171,4.3883524657314,4.91534090729902,40.6
0.966052749611999,3.93236953423302,5.12679183667437,40.7
0.620055054133474,2.68112879267118,4.2719611344062,40.8
0.695389951918004,1.97966582453109,3.70612903898039,40.9
0.720164612017979,1.39003759309582,3.02016461201801,41
0.346895190287614,0.591612608811845,1.93615610322523,41.1
0.51699042052531,0.544380943683943,1.46508434025259,41.2
0.556694632012102,0.584085155170729,0.995955544949756,41.3
0.156495219114044,0.40121263763826,0.269065231635197,41.4
0.562056045561775,1.23192902663956,0.562056045561775,41.5
0.694803289108456,1.97907916172146,0.807373301629599,41.6
0.426455535710237,2.48752927424784,0.865716448647873,41.7
0.836270420676314,3.80258720529722,1.78436434040362,41.8
0.731387066161933,4.69182861207304,2.32064797909952,41.9
0.360031042085772,5.36003104208575,2.66003104208578,42
0.454212371853399,6.49377082594218,3.46495145891575,42.1
0.386389898592172,7.42007311397117,4.03829597886487,42.2
0.775554642250536,8.71448090371284,4.9362937293129,42.3
0.734271105685939,9.44999523307287,5.22170109316478,42.4
0.430277845074156,9.76040486399632,5.03027784507416,42.5
0.693752574133913,10.4490351556097,5.18118256161276,42.6
0.94521348716846,10.9178229640098,5.10595257423084,42.7
0.784232598231741,10.7568420750731,4.43613867850445,42.8
0.705571858131069,10.4608544396069,3.71631094519344,42.9
0.109334239524346,9.43946125844655,2.40933423952437,43
0.389930657156485,9.10565478454347,1.97919157009409,43.1
0.590904730405336,8.52983099186772,1.53899865013266,43.2
0.459380047966325,7.4930632633454,0.89864096090397,43.3
0.050339986738954,6.08989844082783,0.162909999260102,43.4
0.228687584020221,5.22868758402029,0.228687584020221,43.5
0.834189061056899,4.79463060696817,0.946759073578047,43.6
0.015644692696527,2.98196147731751,0.454905605634172,43.7
0.863710865055866,2.92478460359354,1.81180478478313,43.8
0.078069053032434,1.3623449256455,1.66732996597004,43.9
0.669042590081555,1.33891557115938,2.96904259008151,44
0.500211324281102,0.744928742805346,3.51095041134347,44.1
0.217993798750154,0.24538432190879,3.86989987902286,44.2
0.571615725404089,0.599006248562713,4.73235481246643,44.3
0.12218915092342,0.366906569447624,4.60961913840226,44.4
0.671166232988653,1.34103921406642,5.27116623298865,44.5
0.599585548122814,1.88386142073584,5.08701553560167,44.6
0.055976157387791,2.11704989592542,4.21671524445016,44.7
0.056343018543357,3.0226598031643,3.70824909881606,44.8
0.15250063700247,4.11294218291362,3.16323972406489,44.9
0.019621066765584,5.01962106676553,2.31962106676559,45
0.435175545696952,6.4747339997857,2.0244364586346,45.1
0.832221475282818,7.86590469066178,1.78031539501013,45.2
0.617390171454084,8.55631643291636,1.05665108439172,45.3
0.520129415310742,9.23585354269764,0.632699427831905,45.4
0.863868222933611,10.1939952418558,0.863868222933611,45.5
0.097697918161443,9.85298049963721,0.210267930682596,45.6
0.908052203186769,10.8806616800281,1.34731311612439,45.7
0.108016694136759,10.0806261709781,1.05611061386404,45.8
0.516996758096945,10.2722793395727,2.10625767103456,45.9
0.143156022083576,9.4732830410058,2.44315602208355,46
0.559370572403004,9.27509469979002,3.57010965946539,46.1
0.004579623947323,7.94350588540973,3.65648570421999,46.2
0.766681998621487,7.80036521400053,4.92742108568384,46.3
0.848709226458282,6.88826768054712,5.33613921393713,46.4
0.916821270253738,5.91682127025378,5.51682127025374,46.5
0.986968274783658,4.94740982069489,5.47439826226251,46.6
0.505133101798823,3.47144988641984,4.66587218886118,46.7
0.271421624417515,2.33249536295522,3.92332770469025,46.8
0.100750511921236,1.38502638453432,3.11148959898364,46.9
0.507848830829537,1.17772181190738,2.80784883082952,47
0.585609125701878,0.830326544226133,2.17487003863952,47.1
0.762887095910741,0.790277619069374,1.71098101563804,47.2
0.082962649110544,0.110353172269171,0.52222356204817,47.3
0.661596193082714,0.906313611606929,0.774166205603872,47.4
0.516979014706213,1.186851995784,0.516979014706213,47.5
0.171048017525447,1.45532389013845,0.283618030046585,47.6
0.938557864331842,2.99963160286945,1.37781877726947,47.7
0.590483177142572,3.55679996176348,1.53857709686987,47.8
0.44063468076084,4.40107622667195,2.02989559369841,47.9
0.941918930311283,5.94191893031126,3.24191893031127,48
0.655913820257141,6.69547227434592,3.66665290731954,48.1
0.451945709260386,7.48562892463938,4.10385178953307,48.2
0.839697420719669,8.77862368218198,5.00043650778203,48.3
0.532623502474346,9.24834762986127,5.0200534899532,48.4
0.553887065791275,9.88401408471344,5.15388706579128,48.5
0.680065530083361,10.4353481115591,5.16749551756221,48.6
0.367189905317367,10.3397993821587,4.52792899237976,48.7
0.239290606193545,10.2119000830349,3.89119668646627,48.8
0.578923492459094,10.3342060739349,3.58966257952148,48.9
0.866887054672508,10.1970140735947,3.16688705467255,49
0.406776760215226,9.12250088760221,1.99603767315285,49.1
0.112615141025047,8.05154140248743,1.06070906075233,49.2
0.443845836726957,7.47752905210604,0.883106749664613,49.3
0.3001844012139,6.33974285530278,0.412754413735054,49.4
0.401386853814493,5.40138685381457,0.401386853814493,49.5
0.833363563453134,4.7938051093644,0.945933575974277,49.6
0.403628662773607,3.36994544739466,0.842889575711241,49.7
0.390175938130607,2.45124967666829,1.33826985785791,49.8
0.360448893378945,1.64472476599201,1.94970980631653,49.9
0.140255359269444,0.810128340347273,2.44025535926945,50
0.26013019411244,0.504847612636684,3.27086928117479,50.1
0.086815100865834,0.114205624024471,3.73872118113853,50.2
0.429397337085805,0.456787860244428,4.59013642414817,50.3
0.25728278476986,0.502000203294064,4.7447127722487,50.4
0.297555384151118,0.967428365228882,4.89755538415112,50.5
0.424858411704626,1.70913428431765,4.91228839918347,50.6
0.119207259421287,2.18028099795892,4.27994634648367,50.7
0.495066923800459,3.4613837084214,4.14697300407317,50.8
0.70640722753756,4.6668487734487,3.71714631459993,50.9
0.243573372680951,5.24357337268089,2.54357337268097,51
0.785070081934006,6.82462853602275,2.37433099487161,51.1
0.074089576860927,7.10777279223989,1.02218349658825,51.2
0.393883426981697,8.33280968844397,0.833144339919343,51.3
0.003394122964307,8.71911825035121,0.115964135485456,51.4
0.220676891933024,9.55080391085521,0.220676891933024,51.5
0.001300568700596,9.75658315017636,0.113870581221744,51.6
0.189179670994735,10.1617891478361,0.628440583932379,51.7
0.142484054820971,10.1150935316624,1.09057797454824,51.8
0.268075999123376,10.0233585805992,1.85733691206098,51.9
0.174892065335783,9.50501908425801,2.4748920653358,52
0.138648971592595,8.85437309897961,3.14938805865496,52.1
0.598885610367865,8.53781187183028,4.25079169064057,52.2
0.901057905682726,7.93474112106184,5.06179699274507,52.3
0.939379765884238,6.97893821997308,5.42680975336308,52.4
0.221184455939078,5.22118445593912,4.82118445593908,52.5
0.482671375396414,4.44311292130765,4.97010136287527,52.6
0.376011115924755,3.34232790054578,4.53675020298713,52.7
0.52378003696587,2.58485377550358,4.17568611723857,52.8
0.26487259354859,1.54914846616168,3.27561168061101,52.9
0.068357220470829,0.738230201548676,2.36835722047084,53
0.436327077480103,0.681044496004358,2.02558799041776,53.1
0.173853037365001,0.201243560523634,1.12194695709231,53.2
0.026107108154905,0.053497631313532,0.465368021092542,53.3
0.95467827408045,1.19939569260466,1.06724828660161,53.4
0.430596519859417,1.1004695009372,0.430596519859417,53.5
0.961558573103663,2.24583444571666,1.07412858562482,53.6
0.762414484002993,2.8234882225406,1.20167539694061,53.7
0.007348661102847,2.97366544572375,0.955442580830126,53.8
0.680038640460139,4.64048018637125,2.26929955339776,53.9
0.705950754248883,5.70595075424879,3.00595075424885,54
0.645128786607383,6.68468724069616,3.65586787366977,54.1
0.55230984450773,7.58599305988672,4.2042159247804,54.2
0.21810872978328,8.15703499124558,4.37884781684563,54.3
0.772366213613043,9.48809034099997,5.25979620109189,54.4
0.22802832360045,9.55815534252261,4.82802832360045,54.5
0.370864718973405,10.1261473004491,4.85829470645226,54.6
0.890928821025695,10.8635382978671,5.05166790808806,54.7
0.856376907728261,10.8289863845696,4.508282988001,54.8
0.402433549813444,10.1577161312893,3.41317263687585,54.9
0.318019117496735,9.64814613641895,2.61801911749673,55
0.60863543063499,9.32435955802198,2.19789634357263,55.1
0.910195226694482,8.84912148815687,1.85828914642178,55.2
0.909098187800882,7.94278140317996,1.34835910073851,55.3
0.591594408907438,6.63115286299631,0.704164421428597,55.4
0.332571407335551,5.33257140733563,0.332571407335551,55.5
0.853063629209919,4.81350517512119,0.965633641731056,55.6
0.442397893041165,3.40871467766222,0.881658805978789,55.7
0.904355478217944,2.96542921675568,1.85244939794524,55.8
0.033179405952128,1.31745527856519,1.6224403188897,55.9
0.532426482500133,1.20229946357796,2.83242648250012,56
0.716497346504382,0.961214765028626,3.72723643356678,56.1
0.179301843821789,0.206692366980426,3.83120792409447,56.2
0.336532925801062,0.363923448959685,4.49727201286342,56.3
0.187712948575267,0.432430367099471,4.67514293605412,56.4
0.321927183182924,0.991800164260687,4.92192718318292,56.5
0.403856711230207,1.68813258384318,4.89128669870906,56.6
0.548566299856964,2.60964003839459,4.70930538691935,56.7
0.048738592782267,3.0150553774032,3.70064467305499,56.8
0.552732133178943,4.51317367909008,3.56347122024133,56.9
0.274811404837501,5.27481140483744,2.57481140483754,57
0.241501741734112,6.28106019582286,1.83076265467174,57.1
0.243145179406551,7.27682839478551,1.19123909913384,57.2
0.154159449170074,8.09308571063235,0.593420362107731,57.3
0.956416361008024,9.67214048839492,1.06898637352918,57.4
0.9356613755166,10.2657883944387,0.9356613755166,57.5
0.818714437208244,10.573997018684,0.931284449729386,57.6
0.728261847822834,10.7008713246642,1.16752276076047,57.7
0.17581172827553,10.1484212051169,1.12390564800284,57.8
0.360370977042454,10.1156535585182,1.94963188998004,57.9
0.188789972641605,9.51891699156383,2.48878997264161,58
0.001198396840043,8.71692252422706,3.0119374839024,58.1
0.316419513732543,8.25534577519496,3.96832559400524,58.2
0.699616986397056,7.73330020177617,4.86035607345942,58.3
0.62525518017904,6.66481363426788,5.11268516765788,58.4
0.543062175343852,5.54306217534389,5.14306217534385,58.5
0.439037203387669,4.39947874929891,4.92646719086652,58.6
0.287427267482543,3.25374405210357,4.44816635454493,58.7
0.50165910674669,2.5627328452844,4.15356518701941,58.8
0.761546185669647,2.04582205828273,3.77228527273202,58.9
0.762408048788714,1.43228102986656,3.06240804878874,59
0.576055901496557,0.820773320020814,2.16531681443417,59.1
0.747662837641716,0.775053360800357,1.69575675736904,59.2
0.645534505981322,0.672925029139948,1.08479541891897,59.3
0.123219518324506,0.367936936848719,0.235789530845655,59.4
0.504397860092767,1.17427084117055,0.504397860092767,59.5
0.347261312721634,1.63153718533463,0.45983132524278,59.6
0.092147684805104,2.15322142334271,0.531408597742747,59.7
0.147849468032519,3.11416625265342,1.09594338775978,59.8
0.198169701066402,4.15861124697751,1.787430614004,59.9
0.672270237457429,5.67227023745733,2.97227023745738,60
0.431511182901891,6.47106963699067,3.44225026996426,60.1
0.694403909684554,7.72808712506354,4.34630998995726,60.2
0.256784563270148,8.19571082473245,4.41752365033249,60.3
0.00975864988516,8.72548277727208,4.497188637364,60.4
0.532283071060889,9.86241008998305,5.13228307106089,60.5
0.279391965252965,10.0346745467287,4.76682195273182,60.6
0.946230153519927,10.9188396303613,5.1069692405823,60.7
0.906443266510002,10.8790527433514,4.5583493467827,60.8
0.392684575974111,10.1479671574499,3.40342366303653,60.9
0.024855233844872,9.35498225276709,2.32485523384488,61
0.67143679657246,9.38716092395945,2.26069770951012,61.1
0.837170635377055,8.7760968968395,1.78526455510437,61.2
0.971499638311263,8.00518285369035,1.4107605512489,61.3
0.056932885435248,6.09649133952413,0.169502897956413,61.4
0.450323812733453,5.45032381273353,0.450323812733453,61.5
0.582470301736287,4.54291184764756,0.695040314257439,61.6
0.686637814496303,3.65295459911736,1.12589872743392,61.7
0.719432752595998,2.78050649113368,1.66752667232328,61.8
0.650040751925391,1.93431662453846,2.23930166486301,61.9
0.726914550912652,1.39678753199048,3.02691455091262,62
0.373847665839982,0.618565084364228,3.38458675290236,62.1
0.581582083212866,0.608972606371504,4.23348816348553,62.2
0.1161185127794,0.14350903593803,4.27685759984175,62.3
0.057654361214872,0.302371779739096,4.54508434869372,62.4
0.979765223975986,1.64963820505378,5.57976522397599,62.5
0.284823726860618,1.56909959947364,4.77225371433947,62.6
0.594974298809596,2.65604803734722,4.75571338587196,62.7
0.96216103101126,3.92847781563213,4.614067111284,62.8
0.185778263408578,4.14621980931965,3.19651735047099,62.9
0.193039815977027,5.19303981597689,2.49303981597702,63
0.341644104645142,6.38120255873382,1.93090501758278,63.1
0.93289789581808,7.9665811111971,1.88099181554538,63.2
0.390667536617596,8.32959379807987,0.829928449555225,63.3
0.273216707999963,8.98894083538686,0.385786720521123,63.4
0.151947079846844,9.48207409876899,0.151947079846844,63.5
0.397108842743452,10.1523914242192,0.509678855264588,63.6
0.374722466951243,10.3473319437926,0.813983379888865,63.7
0.131114707043005,10.1037241838844,1.0792086267703,63.8
0.435040717895627,10.1903232993714,2.0243016308332,63.9
0.091513167212611,9.42164018613484,2.39151316721259,64
0.614626958012946,9.33035108539996,3.62536604507528,64.1
0.010979092290812,7.94990535375323,3.66288517256349,64.2
0.573260383263372,7.60694359864243,4.73399947032573,64.3
0.789729858025762,6.82928831211461,5.27715984550461,64.4
0.235366773150869,5.23536677315091,4.83536677315087,64.5
0.448019713464051,4.40846125937543,4.93544970094292,64.6
0.569358183284932,3.53567496790596,4.73009727034733,64.7
0.061401442290847,2.12247518082862,3.71330752256358,64.8
0.496288885639885,1.78056475825293,3.50702797270221,64.9
0.642315234585298,1.31218821566311,2.94231523458534,65
0.221265730127105,0.465983148651384,1.81052664306479,65.1
0.837056445531881,0.864446968690514,1.78515036525917,65.2
0.971075231442514,0.998465754601132,1.41033614438017,65.3
0.846372887693173,1.09109030621741,0.958942900214308,65.4
0.505999455890548,1.17587243696829,0.505999455890548,65.5
0.278875611145231,1.56315148375818,0.391445623666351,65.6
0.746617221828201,2.80769096036574,1.18587813476583,65.7
0.23693038411287,3.20324716873377,1.18502430384017,65.8
0.957345281619123,4.91778682753036,2.54660619455677,65.9
0.620260036077771,5.62026003607767,2.92026003607777,66
0.600262145507628,6.63982059959634,3.61100123256998,66.1
0.172604501647669,7.20628771702659,3.82451058192036,66.2
0.090346738143225,8.02927299960553,4.25108582520559,66.3
0.255262202643589,8.97098633003051,4.74269219012245,66.4
0.85857053125921,10.1886975501814,5.45857053125921,66.5
0.911067053397794,10.6663496348735,5.39849704087666,66.6
0.699633767225763,10.6722432440671,4.86037285428815,66.7
0.725182355023387,10.6977918318648,4.3770884352961,66.8
0.229886078857496,9.98516866033328,3.24062516591987,66.9
0.576053456321354,9.90618047524357,2.87605345632138,67
0.810628105007939,9.52635223239503,2.39988901794561,67.1
0.403843368384066,8.34276962984645,1.35193728811139,67.2
0.988439267199745,8.0221224825789,1.42770018013739,67.3
0.089998814986888,6.1295572690757,0.202568827508018,67.4
0.320941032647761,5.32094103264777,0.320941032647761,67.5
0.511408938819178,4.47185048473052,0.623978951340304,67.6
0.060606366568242,3.02692315118924,0.499867279505883,67.7
0.725687923545844,2.78676166208359,1.67378184327311,67.8
0.556555748561992,1.84083162117501,2.14581666149965,67.9
0.529359902481257,1.19923288355912,2.82935990248127,68
0.829982432033195,1.07469985055746,3.8407215190955,68.1
0.858759034071804,0.886149557230449,4.51066511434451,68.2
0.789028923313949,0.816419446472572,4.94976801037629,68.3
0.317833053726228,0.562550472250474,4.80526304120509,68.4
0.452207453762982,1.12208043484074,5.05220745376298,68.5
0.752227970049942,2.03650384266291,5.23965795752882,68.6
0.109861705750686,2.17093544428826,4.27060079281306,68.7
0.109742368593904,3.07605915321483,3.76164844886661,68.8
0.269883663704401,4.23032520961554,3.28062275076676,68.9
0.524637345396311,5.52463734539625,2.82463734539632,69
0.972651076977497,7.0122095310661,2.56191198991516,69.1
0.71040868527817,7.74409190065712,1.65850260500548,69.2
0.311859945147533,8.25078620660986,0.751120858085172,69.3
0.291457127647727,9.00718125503467,0.404027140168873,69.4
0.850357337374621,10.1804843562968,0.850357337374621,69.5
0.911647424007853,10.6669300054836,1.02421743652898,69.6
0.639276147276064,10.6118856241174,1.07853706021368,69.7
0.255370297944443,10.2279797747858,1.20346421767172,69.8
0.088665840032283,9.84394842150805,1.6779267529699,69.9
0.838255587537226,10.1683826064595,3.13825558753719,70
0.58471861926332,9.30044274665039,3.59545770632564,70.1
0.948108735396022,8.88703499685838,4.60001481566869,70.2
0.061028929192509,7.09471214457163,4.22176801625485,70.3
0.584641303355111,6.62419975744389,5.07207129083398,70.4
0.285108085658642,5.28510808565876,4.88510808565864,70.5
0.827732173448263,4.78817371935958,5.31516216092714,70.6
0.190986440697398,3.15730322531849,4.35172552775976,70.7
0.442529962202884,2.5036037007406,4.09443604247563,70.8
0.393411506367576,1.67768737898057,3.40415059342992,70.9
0.826573979042765,1.49644696012062,3.12657397904276,71
0.676871093438419,0.921588511962676,2.26613200637613,71.1
0.20760303437998,0.234993557538622,1.15569695410728,71.2
0.318104726150263,0.345495249308889,0.757365639087894,71.3
0.133810985356126,0.378528403880338,0.246380997877266,71.4
0.671462889478031,1.34133587055581,0.671462889478031,71.5
0.570991075462406,1.8552669480753,0.683561087983541,71.6
0.169767066026489,2.23084080456408,0.60902797896411,71.7
0.147655777151737,3.11397256177257,1.09574969687903,71.8
0.476079718267456,4.43652126417863,2.06534063120508,71.9
0.90810241650695,5.90810241650692,3.20810241650693,72
0.552175026715835,6.59173348080447,3.56291411377817,72.1
0.032939892749877,7.06662310812886,3.68484597302255,72.2
0.053862926435556,7.9927891878978,4.21460201349791,72.3
0.805063228558902,9.52078735594587,5.29249321603775,72.4
0.451374854703448,9.78150187362557,5.05137485470345,72.5
0.382646229559958,10.1379288110357,4.87007621703883,72.6
0.789643703689691,10.7622531805311,4.95038279075208,72.7
0.364286869499794,10.3368963463412,4.01619294977253,72.8
0.53234993499891,10.2876325164747,3.54308902206124,72.9
0.711656705981267,10.0417837249035,3.01165670598131,73
0.871476517995847,9.58720064538289,2.46073743093354,73.1
0.328689611672229,8.26761587313468,1.27678353139952,73.2
0.650118025397777,7.68380124077687,1.08937893833544,73.3
0.974836148002757,7.01439460209164,1.08740616052389,73.4
0.075967361294136,5.07596736129422,0.075967361294136,73.5
0.587019167082772,4.54746071299405,0.699589179603892,73.6
0.41388649777336,3.38020328239442,0.85314741071099,73.7
0.309136426466267,2.37021016500395,1.25723034619357,73.8
0.263834041526795,1.54810991413986,1.85309495446444,73.9
0.758766265080204,1.42863924615804,3.0587662650802,74
0.995215981129752,1.23993339965404,4.0059550681921,74.1
0.186571444141369,0.213961967300007,3.83847752441406,74.2
0.781145268534764,0.808535791693379,4.94188435559713,74.3
0.195797981026732,0.440515399550955,4.68322796850559,74.4
0.992358973179926,1.66223195425772,5.59235897317993,74.5
0.802261569764289,2.08653744237721,5.28969155724316,74.6
0.424226709903306,2.48530044844093,4.58496579696569,74.7
0.728863868051374,3.69518065267224,4.38076994832409,74.8
0.498353582523552,4.45879512843475,3.50909266958593,74.9
0.808990267199045,5.80899026719891,3.10899026719907,75
0.356508933481046,6.39606738756971,1.94576984641872,75.1
0.073243434489808,7.10692664986869,1.02133735421714,75.2
0.590991455274849,8.52991771673712,1.0302523682125,75.3
0.910187830728141,9.62591195811513,1.02275784324927,75.4
0.19376593616661,9.52389295508875,0.19376593616661,75.5
0.432367791534398,10.1876503730101,0.544937804055523,75.6
0.749159729068009,10.7217692059094,1.18842064200565,75.7
0.039184486647583,10.011793963489,0.987278406374844,75.8
0.946324989805483,10.7016075712813,2.53558590274314,75.9
0.763673323663761,10.093800342586,3.06367332366371,76
0.55882055050956,9.27454467789668,3.56955963757186,76.1
0.183842944465775,8.1227692059282,3.83574902473848,76.2
0.497948815018947,7.531632030398,4.65868790208128,76.3
0.517845600234051,6.5574040543229,5.00527558771291,76.4
0.99424301064405,5.9942430106441,5.59424301064405,76.5
0.854851683090675,4.81529322900206,5.34228167056956,76.6
0.962403939711971,3.928720724333,5.12314302677435,76.7
0.678941008977033,2.74001474751481,4.33084708924974,76.8
0.403501388804361,1.68777726141741,3.41424047586672,76.9
0.934979086178052,1.60485206725587,3.23497908617807,77
0.479484545632482,0.724201964156761,2.06874545857014,77.1
0.231791611663117,0.259182134821751,1.17988553139043,77.2
0.396290248509775,0.423680771668394,0.835551161447416,77.3
0.705077475112789,0.949794893637022,0.817647487633935,77.4
0.55855903456055,1.22843201563829,0.55855903456055,77.5
0.756630700894368,2.04090657350731,0.869200713415498,77.6
0.995481058555258,3.05655479709279,1.43474197149287,77.7
0.962431404366634,3.92874818898753,1.91052532409391,77.8
0.535067105256157,4.49550865116739,2.12432801819377,77.9
0.963870129971714,5.96387012997161,3.26387012997168,78
0.115625879181259,6.15518433326996,3.12636496624357,78.1
0.051448293230205,7.08513150860912,3.70335437350287,78.2
0.304348945636573,8.24327520709887,4.46508803269892,78.3
0.580191833142712,9.29591596052963,5.06762182062158,78.4
0.530964452338282,9.86109147126044,5.13096445233828,78.5
0.901208092653144,10.6564906741289,5.38863808013202,78.6
0.540550425170244,10.5131599020116,4.70128951223261,78.7
0.431980610856683,10.4045900876981,4.08388669112943,78.8
0.542666987436342,10.2979495689121,3.55340607449869,78.9
0.712414805789522,10.0425418247117,3.01241480578952,79
0.016674712940233,8.73239884032732,1.60593562587794,79.1
0.800920882057848,8.73984714352024,1.74901480178515,79.2
0.14250932492379,7.17619254030295,0.581770237861422,79.3
0.478474472902863,6.51803292699168,0.591044485424004,79.4
0.256835354179633,5.25683535417979,0.256835354179633,79.5
0.36909168882486,4.32953323473621,0.481661701345996,79.6
0.661764913365414,3.62808169798642,1.10102582630303,79.7
0.169608813454314,2.23068255199206,1.1177027331816,79.8
0.278784020439019,1.56305989305204,1.86804493337665,79.9
0.198221794513839,0.868094775591709,2.49822179451382,80
0.195071533284261,0.43978895180853,3.20581062034659,80.1
0.326839648349976,0.354230171508621,3.97874572862265,80.2
0.880337860379199,0.907728383537821,5.04107694744155,80.3
0.471101865015748,0.715819283539993,4.9585318524946,80.4
0.403969372170941,1.0738423532487,5.00396937217094,80.5
0.179231476423447,1.46350734903641,4.66666146390232,80.6
0.968924996147292,3.02999873468486,5.12966408320969,80.7
0.40745573780262,3.37377252242355,4.05936181807535,80.8
0.844487396483448,4.80492894239458,3.85522648354578,80.9
0.61532509713085,5.61532509713078,2.9153250971309,81
0.376611078032737,6.41616953212133,1.96587199097043,81.1
0.877181749337097,7.91086496471605,1.82527566906439,81.2
0.784852427283024,8.72377868874523,1.22411334022068,81.3
0.464954283314534,9.18067841070148,0.57752429583567,81.4
0.813976926820934,10.1441039457431,0.813976926820934,81.5
0.89844413718012,10.6537267186558,1.01101414970124,81.6
0.429238543114827,10.4018480199562,0.868499456052456,81.7
0.33432941962222,10.3069388964636,1.28242333934952,81.8
0.596647104445246,10.351929685921,2.18590801738282,81.9
0.901990808706562,10.2321178276288,3.20199080870649,82
0.702066449359676,9.41779057674675,3.71280553642196,82.1
0.377455102070865,8.31638136353323,4.02936118234355,82.2
0.734955925430014,7.76863914080914,4.89569501249238,82.3
0.954102786471214,6.99366124056,5.44153277395009,82.4
0.542813113103551,5.54281311310367,5.14281311310355,82.5
0.540105832359366,4.50054737827068,5.02753581983825,82.6
0.311109639604002,3.2774264242251,4.47184872666639,82.7
0.071234571924584,2.1323083104623,3.7231406521973,82.8
0.181980467169022,1.46625633978212,3.19271955423134,82.9
0.092988926870678,0.762861907948531,2.39298892687064,83
0.463489247762243,0.708206666286503,2.05275016069998,83.1
0.009332512027769,0.036723035186412,0.9574264317551,83.2
0.91502591173579,0.942416434894415,1.35428682467344,83.3
0.642741739133104,0.887459157657314,0.755311751654235,83.4
0.001419058202403,0.671292039280178,0.001419058202403,83.5
0.030385272494918,1.31466114510781,0.142955285016062,83.6
0.20847022330532,2.26954396184291,0.64773113624292,83.7
0.454966145002097,3.42128292962292,1.40306006472936,83.8
0.127266033325133,4.0877075792363,1.71652694626279,83.9
0.00864768787809,5.00864768787806,2.3086476878781,84
0.727079601148527,6.76663805523716,3.73781868821089,84.1
0.354116466056586,7.38779968143557,4.00602254632924,84.2
0.780445946096025,8.71937220755826,4.94118503315836,84.3
0.436656641635291,9.15238076902226,4.92408662911415,84.4
0.436554782372268,9.76668180129439,5.03655478237227,84.5
0.049213180356486,9.80449576183221,4.53664316783535,84.6
0.04963190151939,10.0222413783607,4.21037098858181,84.7
0.091100175413054,10.0637096522544,3.74300625568581,84.8
0.594037031444121,10.3493196129199,3.60477611850649,84.9
0.241084055169022,9.57121107409127,2.54108405516904,85
0.841369101972144,9.55709322935919,2.43063001490981,85.1
0.857212764090605,8.79613902555306,1.80530668381787,85.2
0.963612200951355,7.99729541633045,1.40287311388904,85.3
0.488899786160604,6.52845824024949,0.60146979868175,85.4
0.220310100568633,5.22031010056872,0.220310100568633,85.5
0.226208640841286,4.18665018675271,0.338778653362415,85.6
0.536787804512826,3.50310458913389,0.976048717450474,85.7
0.762109709211147,2.82318344774884,1.71020362893847,85.8
0.347567150448759,1.63184302306183,1.93682806338637,85.9
0.461231759391499,1.13110474046934,2.76123175939146,86
0.639323762199356,0.884041180723649,3.65006284926167,86.1
0.917336040866845,0.944726564025483,4.56924212113956,86.2
0.161572573890331,0.188963097048945,4.32231166095271,86.3
0.715635404167474,0.960352822691694,5.20306539164632,86.4
0.577738876192409,1.2476118572702,5.17773887619241,86.5
0.433298977209119,1.71757484982204,4.920728964688,86.6
0.884242782631094,2.94531652116871,5.04498186969346,86.7
0.393051755376913,3.35936853999777,4.04495783564961,86.8
0.178975152627732,4.13941669853893,3.18971423969015,86.9
0.633333580320121,5.63333358031998,2.93333358032019,87
0.624000554312344,6.66355900840101,2.21326146725005,87.1
0.327941596973249,7.36162481235213,1.27603551670055,87.2
0.802965315958237,8.7418915774205,1.24222622889587,87.3
0.999477858635892,9.71520198602288,1.11204787115701,87.4
0.980978160932146,10.3111051798543,0.980978160932146,87.5
0.127036942194857,9.88231952367059,0.239606954715971,87.6
0.232240145961793,10.2048496228032,0.671501058899411,87.7
0.023632466658225,9.9962419434996,0.97172638638551,87.8
0.607432610401855,10.3627151918777,2.19669352333954,87.9
0.11080932128715,9.44093634020938,2.41080932128706,88
0.407459507878399,9.12318363526552,3.41819859494066,88.1
0.884076806661962,8.82300306812439,4.53598288693464,88.2
0.548132777476588,7.58181599285565,4.70887186453894,88.3
0.369003076711617,6.40856153080047,4.85643306419049,88.4
0.208345982813347,5.2083459828134,4.80834598281335,88.5
0.440943276524324,4.40138482243571,4.92837326400322,88.6
0.956196152175878,3.92251293679691,5.11693523923827,88.7
0.124025916648043,2.18509965518582,3.77593199692078,88.8
0.470763245866957,1.75503911848001,3.48150233292929,88.9
0.856896327782193,1.52676930886008,3.15689632778218,89
0.043390471566953,0.288107890091235,1.63265138450459,89.1
0.691625145201306,0.719015668359941,1.63971906492865,89.2
0.978985466675038,1.00637598983366,1.4182463796127,89.3
0.283267898492137,0.527985317016369,0.395837911013274,89.4
0.133780499994423,0.803653481072161,0.133780499994423,89.5
0.685279684412687,1.96955555702563,0.797849696933826,89.6
0.909454555749395,2.97052829428693,1.34871546868698,89.7
0.610868982383243,3.57718576700413,1.55896290211049,89.8
0.899982796432861,4.86042434234395,2.4892437093705,89.9
0.193433751939092,5.19343375193898,2.49343375193908,90
0.75442458148825,6.79398303557695,3.76516366855059,90.1
0.346260716664775,7.37994393204369,3.99816679693741,90.2
0.418625414302713,8.35755167576501,4.57936450136504,90.3
0.155719830354892,8.87144395774181,4.64314981783375,90.4
0.819000583926841,10.149127602849,5.41900058392684,90.5
0.624923527846277,10.380206109322,5.11235351532515,90.6
0.738560421610648,10.711169898452,4.899299508673,90.7
0.805112420706954,10.7777218975483,4.45701850097973,90.8
0.067222657563179,9.82250523903896,3.07796174462556,90.9
0.950790316505566,10.2809173354278,3.2507903165056,91
0.497577011022161,9.21330113840926,2.08683792395984,91.1
0.755145904700522,8.69407216616292,1.7032398244278,91.2
0.742405070676942,7.7760882860561,1.18166598361456,91.3
0.831129575710113,6.87068802979893,0.943699588231265,91.4
0.156501846750201,5.15650184675036,0.156501846750201,91.5
0.457308720551409,4.41775026646276,0.569878733072532,91.6
0.618100496094381,3.58441728071539,1.05736140903202,91.7
0.93218335504705,2.9932570935848,1.88027727477436,91.8
0.835088235559351,2.11936410817238,2.42434914849694,91.9
0.89542351634235,1.56529649742022,3.19542351634229,92
0.58251852466803,0.827235943192301,3.59325761173033,92.1
0.582746806361791,0.610137329520437,4.23465288663449,92.2
0.854925938969955,0.882316462128576,5.01566502603233,92.3
0.034865700047931,0.279583118572129,4.52229568752677,92.4
0.885420095484803,1.55529307656256,5.4854200954848,92.5
0.407730811355982,1.69200668396895,4.89516079883487,92.6
0.036382030447832,2.09745576898539,4.19712111751021,92.7
0.74614794273772,3.71246472735864,4.39805402301043,92.8
0.154828770751106,4.11527031666223,3.16556785781341,92.9
0.143908328674868,5.14390832867479,2.44390832867495,93
0.605959053323747,6.64551750741234,2.19521996626147,93.1
0.254480844051368,7.28816405943031,1.20257476377869,93.2
0.324154205005822,8.26308046646803,0.763415117943466,93.3
0.401790917846999,9.11751504523394,0.514360930368126,93.4
0.406373321401127,9.7365003403233,0.406373321401127,93.5
0.386191138560912,10.1414737200366,0.498761151082021,93.6
0.609801823837955,10.5824113006793,1.04906273677556,93.7
0.166890722666246,10.1395001995076,1.11498464239352,93.8
0.188092073195248,9.94337465467102,1.77735298613292,93.9
0.094628869862166,9.42475588878444,2.39462886986219,94
0.323186272761264,9.03891040014834,3.33392535982364,94.1
0.769596929272335,8.70852319073482,4.421503009545,94.2
0.234118002458998,7.26780121783813,4.39485708952134,94.3
0.740365469624262,6.77992392371305,5.22779545710313,94.4
0.692818413831729,5.69281841383186,5.29281841383173,94.5
0.82407821336638,4.7845197592777,5.31150820084524,94.6
0.827977549139487,3.79429433376059,4.98871663620189,94.7
0.293367934008392,2.35444167254612,3.94527401428114,94.8
0.309369242422749,1.59364511503585,3.3201083294851,94.9
0.523029798441993,1.19290277951985,2.823029798442,95
0.325298992494426,0.570016411018731,1.91455990543208,95.1
0.831842510486068,0.85923303364471,1.77993643021343,95.2
0.810294790743841,0.837685313902465,1.24955570368151,95.3
0.556998261278609,0.801715679802818,0.669568273799752,95.4
0.262964033730157,0.93283701480793,0.262964033730157,95.5
0.68056620230445,1.96484207491734,0.793136214825583,95.6
0.233653145442385,2.29472688397997,0.67291405838004,95.7
0.456425364613112,3.42274214923393,1.40451928434034,95.8
0.384566894511524,4.34500844042268,1.97382780744915,95.9
0.538601438698022,5.53860143869798,2.83860143869799,96
0.991703720961955,7.03126217505058,4.00244280802428,96.1
0.75522040167783,7.78890361705681,4.40712648195056,96.2
0.980454849430374,8.91938111089261,5.14119393649269,96.3
0.234782640662848,8.95050676804981,4.7222126281417,96.4
0.528559088552665,9.85868610747478,5.12855908855267,96.5
0.051436053566908,9.80671863504263,4.53886604104578,96.6
0.756875470984622,10.729484947826,4.91761455804698,96.7
0.60197976627551,10.5745892431169,4.25388584654819,96.8
0.857168709122209,10.612451290598,3.86790779618461,96.9
0.988277139258114,10.3184041581804,3.28827713925817,97
0.929484472425618,9.64520859981267,2.51874538536331,97.1
0.409514933438815,8.34844119490127,1.35760885316611,97.2
0.000341462218139,7.03402467759724,0.439602375155764,97.3
0.540878322763043,6.58043677685194,0.653448335284201,97.4
0.207730621996059,5.20773062199615,0.207730621996059,97.5
0.21928358818243,4.17972513409386,0.331853600703548,97.6
0.325806262734222,3.29212304735529,0.765067175671848,97.7
0.095949416607585,2.15702315514528,1.04404333633488,97.8
0.747533661738303,2.03180953435138,2.33679457467588,97.9
0.748508957393292,1.41838193847113,3.04850895739321,98
0.543299433085109,0.788016851609403,3.55403852014739,98.1
0.338132316524053,0.365522839682692,3.99003839679674,98.2
0.832333661620528,0.859724184779142,4.99307274868289,98.3
0.552572178025957,0.797289596550177,5.04000216550483,98.4
0.957543116962021,1.62741609803974,5.55754311696202,98.5
0.892833319318001,2.17710919193092,5.38026330679689,98.6
0.356503617127004,2.41757735566462,4.51724270418939,98.7
0.546401892991887,3.51271867761274,4.19830797326461,98.8
0.346681751254949,4.30712329716614,3.35742083831727,98.9
0.62280279065913,5.62280279065898,2.9228027906591,99
0.796624685308396,6.83618313939706,2.38588559824614,99.1
0.74587490154065,7.77955811691953,1.69396882126798,99.2
0.12553623135482,8.06446249281708,0.564797144292474,99.3
0.82239400675902,9.53811813414591,0.934964019280153,99.4
0.025150501428502,9.35527752035064,0.025150501428502,99.5
0.414428880924032,10.1697114623998,0.526998893445175,99.6
0.731407467972937,10.7040169448143,1.17066838091053,99.7
0.781374000275963,10.7539834771173,1.72946792000322,99.8
0.367285915131369,10.1225684966072,1.95654682806902,99.9
